date,Asset A,Asset B,Market
29/06/2021,0.996681079,1.287271253,1.601523356
30/06/2021,0.155968755,0.634106993,1.837190875
01/07/2021,1.93676364,1.766144658,1.98929317
02/07/2021,-0.848651175,-0.796688189,-0.405424954
05/07/2021,1.205786658,1.014545629,2.729004156
06/07/2021,-2.546501651,-2.704495038,-4.698151777
07/07/2021,-1.156483272,-1.104060762,-1.698723711
08/07/2021,-1.240805967,-1.506791073,0.906647868
09/07/2021,3.245251773,3.066218275,3.109139971
12/07/2021,-0.776352819,-0.745499558,-1.711600053
13/07/2021,-0.567116813,-0.437056733,0.680007656
14/07/2021,-0.49797768,-0.483179319,-0.58013857
15/07/2021,-0.339674651,-0.140520501,-0.828413039
16/07/2021,0.252789208,0.278620046,0.884819344
19/07/2021,-0.073890682,0.337168418,0.687326927
20/07/2021,-1.977011317,-1.677261697,-0.41589344
21/07/2021,0.906434333,0.849126213,0.678572103
22/07/2021,-1.187933763,-1.42871272,0.157178235
23/07/2021,-0.798460061,-0.560133025,-0.535283454
26/07/2021,0.226297367,0.894329087,1.235137154
27/07/2021,0.027906034,0.517078426,0.599716057
28/07/2021,0.688622124,0.917621234,1.888176095
29/07/2021,0.085273983,1.534009282,1.279724769
30/07/2021,-0.603620783,-0.442531711,-0.321558838
02/08/2021,2.104465827,1.925514793,1.236182964
03/08/2021,-0.083988579,-0.376645389,-0.805868692
04/08/2021,0.282920129,-0.146362779,0.892698939
05/08/2021,0.091502325,0.224432318,0.574765624
06/08/2021,1.237198734,1.056921879,0.196792103
09/08/2021,-0.415280206,-0.454926697,-0.301548915
10/08/2021,1.167878374,1.350929138,1.709555644
11/08/2021,0.714316004,0.61742417,1.204476992
12/08/2021,0.59675411,0.38161852,-0.104289549
13/08/2021,-1.463610313,-1.321176122,-1.137038415
16/08/2021,0.904950058,1.537594724,3.039142062
17/08/2021,-0.250567651,0.144192688,-0.882141455
18/08/2021,-1.204980021,-1.014299273,-1.322023961
19/08/2021,-3.631119128,-3.65177995,-4.150859781
20/08/2021,-0.766744205,-0.502853964,1.099488303
23/08/2021,0.592727319,0.674907687,-0.18757229
24/08/2021,2.068210437,1.873588358,2.28705281
25/08/2021,0.406433727,0.220181521,0.287549168
26/08/2021,0.22558318,0.326219627,0.352065316
27/08/2021,1.030467638,0.883477439,1.426540673
30/08/2021,2.089431117,2.146169871,1.173469627
31/08/2021,-0.211752208,-0.428987266,0.464136861
01/09/2021,0.503535528,1.118379106,-0.075374023
02/09/2021,1.241593109,1.610985656,1.208216987
03/09/2021,0.399447963,0.11676337,-0.295132629
06/09/2021,0.801281547,0.78119968,0.989792633
07/09/2021,1.263798349,1.192236066,0.751052031
08/09/2021,1.261990491,0.792293994,1.010045863
09/09/2021,1.203700056,1.525958865,0.950819913
10/09/2021,0.815036897,1.155616402,0.987294287
13/09/2021,5.361801882,4.519875115,2.500501534
14/09/2021,4.749489405,3.770142872,3.222565677
15/09/2021,6.710289428,7.23562364,3.330626955
16/09/2021,-6.124786985,-6.346497526,-4.694153024
17/09/2021,0.229908627,0.146614719,0.959873784
20/09/2021,3.142156129,2.973571483,5.320162008
21/09/2021,-1.079243042,-1.128982625,-0.661545017
22/09/2021,-0.097882655,-1.381205641,-0.901345313
23/09/2021,-0.396977903,-0.134493005,-0.862697082
24/09/2021,-0.023852694,-0.225456304,0.238289648
27/09/2021,1.408243523,1.470432083,2.711597097
28/09/2021,1.950224406,2.117690885,0.851201345
29/09/2021,-0.669763558,-1.250729168,3.348378495
30/09/2021,3.679640992,3.02984491,4.090079693
01/10/2021,0.942100667,0.889960641,-1.441550103
04/10/2021,2.676483192,3.266577146,1.030869196
05/10/2021,8.633171424,8.39727383,6.626333976
06/10/2021,-2.994699182,-3.291285117,-2.048513763
07/10/2021,-2.107906728,-2.466079094,-2.914141707
08/10/2021,-2.496633233,-2.06858672,-2.085068721
11/10/2021,-0.661929801,-0.712855625,-0.534696294
12/10/2021,-0.236608473,-0.027728515,0.108355218
13/10/2021,1.159722625,1.008379873,1.796539772
14/10/2021,1.552246741,1.029991691,1.911977486
15/10/2021,-0.1801413,-0.034826803,-1.87122319
18/10/2021,-0.570180242,-1.60189833,0.060778298
19/10/2021,-0.993484212,-0.29653947,-0.86104393
20/10/2021,0.633049355,0.824123749,0.75706898
21/10/2021,-0.746029408,-0.92454851,-1.079265624
22/10/2021,0.28500892,0.782684455,-0.242304622
25/10/2021,0.595875635,0.327746814,0.283289321
26/10/2021,-0.170709726,-0.17413648,-0.032852788
27/10/2021,-0.949335077,-0.837421536,-0.369899036
28/10/2021,-1.893978068,-2.157249768,-2.177435888
29/10/2021,-1.822302547,-0.792518786,-2.678854096
01/11/2021,-0.959794406,-1.075334792,0.153219094
02/11/2021,0.28809482,0.921716371,0.406842581
03/11/2021,1.562809122,1.216706575,1.843872139
04/11/2021,-0.348089613,-0.460564795,-0.640585778
05/11/2021,-0.403790868,0.019322127,0.132316624
08/11/2021,0.940720063,0.569299619,1.035012832
09/11/2021,-0.856446961,-0.986854307,-1.330911722
10/11/2021,-1.651940865,-1.10825092,-0.501307017
11/11/2021,0.82394945,0.806400099,0.955476205
12/11/2021,0.961805477,0.744078891,0.181454354
15/11/2021,1.563172893,0.517475681,0.883627461
16/11/2021,1.857612732,1.687914993,2.95429696
17/11/2021,2.276947684,1.777149505,0.159209783
18/11/2021,-0.866021281,-1.39679305,0.032125784
19/11/2021,-0.217738892,-0.950547153,-1.599037354
22/11/2021,-1.154826798,-0.349167734,-0.607821749
23/11/2021,0.572012482,0.95858045,1.357625771
24/11/2021,1.33227466,0.635445537,0.597308893
25/11/2021,1.69078755,0.162204536,-0.15538369
26/11/2021,0.365670274,-1.0704016,-1.075256024
29/11/2021,2.446379045,2.302788894,1.062292147
30/11/2021,1.742907993,2.064811717,-0.184303422
01/12/2021,0.372588782,-0.208869938,0.630372169
02/12/2021,1.871889667,-0.142195196,-0.169516665
03/12/2021,0.423882304,0.349116536,-1.082432974
06/12/2021,-0.305944072,-0.407390013,0.090709066
07/12/2021,-0.330426984,0.824757354,1.210946462
08/12/2021,2.116935629,1.852830956,1.139973232
09/12/2021,-2.278892728,-0.954168281,-0.214305828
10/12/2021,-1.629184304,0.369678613,1.089296431
13/12/2021,1.858719826,3.069084133,2.107243248
14/12/2021,-0.829735423,0.592384436,2.437596542
15/12/2021,0.727173832,0.914957806,0.767709375
16/12/2021,19.52079829,9.0245405,2.031986382
17/12/2021,-1.460065625,-1.724460365,-1.112559528
20/12/2021,1.437614483,0.44239714,1.890866603
21/12/2021,3.128316098,2.809471328,6.200047959
22/12/2021,-1.359096742,-0.546005302,-1.090072046
23/12/2021,-7.111994222,-4.287228645,-5.900950359
24/12/2021,0,0,-2.540257425
27/12/2021,-1.975651884,-4.00177632,-0.391400586
28/12/2021,0.047944522,0.346807555,-0.033394009
29/12/2021,-0.683947904,-1.510191091,-1.12428378
30/12/2021,-0.46978777,-0.654904425,-1.047106474
31/12/2021,0,0,-1.883071401
03/01/2022,-0.678114144,-1.891000638,1.093249139
04/01/2022,0.415043173,0.890358412,0.898193248
05/01/2022,-1.426155001,-0.59020773,0.301198724
06/01/2022,0.916854215,0.123839417,0.543635378
07/01/2022,-0.843072323,-0.425048157,-0.914794526
10/01/2022,-1.017215849,-0.786365008,-0.392224062
11/01/2022,-0.945830668,-0.796164152,-0.650230985
12/01/2022,-0.189309611,-0.639165779,-0.398786275
13/01/2022,-0.189720852,-0.249982871,1.155526463
14/01/2022,0.997856391,0.968797747,0.16877831
17/01/2022,-0.849131107,-1.157860393,-1.122363256
18/01/2022,-0.241863508,0.000441923,0.148664008
19/01/2022,-0.107623977,-0.3173418,-0.309796807
20/01/2022,-0.191288697,-0.11456748,-0.045597837
21/01/2022,0.12702187,0.438178573,0.435337316
24/01/2022,0.403563648,0.996396532,1.627009829
25/01/2022,0.047792053,0.352176991,0.066620188
26/01/2022,-0.214346148,-0.555715544,-0.201454097
27/01/2022,0.038581357,-0.027243897,0.054002878
28/01/2022,0.033963717,-0.139713609,-0.02805393
31/01/2022,-0.453504534,-1.080220486,-0.838976029
01/02/2022,-0.650697994,-1.053888005,-1.009151389
02/02/2022,-0.094866596,0.547039352,0.140464756
03/02/2022,-0.152152798,-0.186906862,0.343563853
04/02/2022,0.117932209,0.306520399,0.292739318
07/02/2022,-0.156727396,-0.573403959,-0.371290696
08/02/2022,-0.136483193,-0.1703157,-0.280789396
09/02/2022,-0.22329905,-0.216032149,-0.355509389
10/02/2022,-0.153113244,-0.166813581,-0.007951216
11/02/2022,-0.029345331,-0.052941244,0.385034695
14/02/2022,0.255074099,0.395696497,0.422107938
15/02/2022,-0.306676826,-0.665985572,-1.25183663
16/02/2022,-0.123806632,-0.175250488,-0.142167639
17/02/2022,0.16407207,0.230206619,0.652898053
18/02/2022,-0.031523107,-0.193986263,-0.147605971
21/02/2022,-0.025921162,0.209587595,-0.154781012
22/02/2022,0.332181425,0.987210988,0.941243372
23/02/2022,0.453454403,1.244975665,1.186624986
24/02/2022,2.500114795,5.098952614,5.902146236
25/02/2022,-2.00715628,-3.703335657,-4.151960297
28/02/2022,0.097786786,0.311926505,0.500687954
01/03/2022,0.613454402,0.913847886,2.134835764
02/03/2022,1.950121794,2.919508653,3.947045047
03/03/2022,0.384004512,0.679812293,-0.382323364
04/03/2022,2.554034112,2.939997397,2.5863254
07/03/2022,0.920567112,2.137908851,2.711407048
08/03/2022,-0.818440569,-0.840695415,-0.946678756
09/03/2022,-2.417657742,-4.203186135,-4.382841263
10/03/2022,-0.879557474,-1.146861655,-1.913378349
11/03/2022,-0.123418578,-0.497547018,0.3061452
14/03/2022,-0.786164232,-1.105036272,-1.06725705
15/03/2022,0.050913583,0.246496161,0.058472119
16/03/2022,-0.47873924,-0.852757448,-0.824101785
17/03/2022,-0.011486261,0.014195971,0.158887137
18/03/2022,-0.18154362,-0.230917971,-0.002859529
21/03/2022,-0.468956557,-0.569718419,-0.572930686
22/03/2022,0.045908176,0.097515495,0.161129347
23/03/2022,0.809535661,1.194203469,1.212858336
24/03/2022,-0.129814438,-0.339719298,-0.357003615
25/03/2022,-0.372878693,-0.411241534,-0.689343707
28/03/2022,0.473648664,0.167533153,0.085434537
29/03/2022,0.407654287,0.402295257,0.394021691
30/03/2022,0.251186891,0.213472064,0.720049112
31/03/2022,-0.258351171,-0.324409497,0.414851196
01/04/2022,-0.144776557,-0.262889887,-0.946089217
04/04/2022,-0.531641925,-0.843353175,-0.180748976
05/04/2022,-0.135989853,-0.059638857,-0.066516893
06/04/2022,0.02150954,0.036151801,-0.124004579
07/04/2022,-0.156265099,-0.206802047,-0.157043359
08/04/2022,0.116555827,0.150098584,-0.048486314
11/04/2022,-0.301920913,-0.42936442,-0.268479942
12/04/2022,-0.00883814,0.012205115,0.150418448
13/04/2022,0.06467807,0.08158055,0.226171318
14/04/2022,-0.235955439,-0.303850242,-0.712497334
15/04/2022,0,0,0
18/04/2022,0,0,0
19/04/2022,-0.30924332,-0.199108415,-0.138832429
20/04/2022,0.1127278,0.077291993,0.034994174
21/04/2022,0.112311806,0.087533861,0.444332558
22/04/2022,-0.093549647,-0.162360848,-0.397897012
25/04/2022,-0.047030544,-0.100625222,-0.157467425
26/04/2022,-0.38022366,-0.375200291,0.80788714
27/04/2022,0.516177324,0.865866345,0.329589415
28/04/2022,-0.343012768,-0.391509449,-0.573380668
29/04/2022,-0.122300477,0.043477819,-0.031102324
02/05/2022,-0.338637468,-0.502797893,-0.19144881
03/05/2022,0.142183782,0.135120505,0.191062766
04/05/2022,0.296403079,0.374392152,0.356420213
05/05/2022,0.142360708,0.179170302,0.219503088
06/05/2022,-0.200855969,-0.379177834,-0.395253586
09/05/2022,-0.269997101,-0.450810956,-0.656809343
10/05/2022,-0.18872813,-0.263052496,0.417721189
11/05/2022,0.19624412,0.280272128,-0.401716096
12/05/2022,0.586135991,0.822783598,1.071858308
13/05/2022,-0.192121349,-0.488739999,-0.828470278
16/05/2022,-0.318862198,-0.331312317,-0.340077565
17/05/2022,0.046342522,0.132620917,0.112040817
18/05/2022,0.087264705,-0.147612418,0.031183499
19/05/2022,-0.175651217,-0.246640108,-0.304392596
20/05/2022,-0.024535494,-0.054868115,-0.272495862
23/05/2022,-0.199193822,-0.307757078,-0.405857678
24/05/2022,-0.008314282,0.015246694,0.107985227
25/05/2022,0.059008279,0.01713054,0.318938716
26/05/2022,-0.013654762,-0.007086376,-0.189576892
27/05/2022,-0.178994236,-0.061629891,0.081996197
30/05/2022,0.077342318,0.113932697,0.101697563
31/05/2022,0.195611513,0.414941287,0.249885414
01/06/2022,-0.304957187,-0.49259093,-0.785501178
02/06/2022,-0.266379484,-0.339480732,-0.149736775
03/06/2022,-0.054246256,-0.059331531,-0.079337867
06/06/2022,-0.020985345,-0.148165973,-0.051468395
07/06/2022,-0.16858987,-0.215843385,-0.28195098
08/06/2022,-0.225241102,-0.25561183,-0.019360839
09/06/2022,0.361407184,0.474146795,0.53157625
10/06/2022,-0.055026657,-0.159463876,-0.235999088
13/06/2022,0.041525141,-0.023801551,0.0923553
14/06/2022,1.026142678,1.094694998,1.353851602
15/06/2022,1.171533555,1.560742383,2.295586616
16/06/2022,1.873708212,1.769878837,0.384208748
17/06/2022,-0.904629363,-1.174635407,-0.636019975
20/06/2022,0.132123017,0.426160789,0.27856338
21/06/2022,0.198566224,0.354850012,0.479375487
22/06/2022,0.12997804,0.484893896,0.157600886
23/06/2022,0.831400102,0.602306736,0.609160558
24/06/2022,-0.133209732,-0.538691446,-0.480300147
27/06/2022,-0.078460136,-0.092649267,0.095195026
28/06/2022,-0.000735893,-0.026057294,-0.028474204
29/06/2022,0.5045799,0.630087183,1.056297416
30/06/2022,0.327074437,0.302971498,0.440049223
01/07/2022,-0.051163469,-0.511179391,0.334083188
04/07/2022,0.876604675,1.470360059,1.560437878
05/07/2022,0.491626093,0.511666018,0.217490923
06/07/2022,0.897174114,0.897466628,0.609209754
07/07/2022,1.942525582,2.01796948,1.26029388
08/07/2022,-0.770846932,-1.374169462,-0.822397627
11/07/2022,-0.376824013,-0.48936403,-1.104068959
12/07/2022,0.215067796,0.013780514,0.83207119
13/07/2022,0.127341129,0.237705516,0.815297378
14/07/2022,-0.183152625,0.126566157,-0.567348749
15/07/2022,-1.150970551,-1.449688473,-1.610654809
18/07/2022,-0.20280313,-0.397845292,-0.236741848
19/07/2022,-0.231684639,-0.374387423,-0.289343108
20/07/2022,-0.469675008,-0.682619445,0.060451664
21/07/2022,-0.119422575,0.102638237,0.058961924
22/07/2022,0.962745695,1.127085433,0.451081889
25/07/2022,0.417491916,0.682190115,1.784758983
26/07/2022,1.797371623,2.303682216,2.444680303
27/07/2022,0.873338321,0.873712914,0.537462669
28/07/2022,-0.09443402,-0.45668663,-0.641969902
29/07/2022,-0.559950353,-1.167157363,-0.807833178
01/08/2022,-0.100467419,0.301328091,1.011772961
02/08/2022,0.249542563,0.603868762,0.449332319
03/08/2022,-0.537427707,-0.36123452,-0.617954073
04/08/2022,0.073883172,-0.120879452,0.005497517
05/08/2022,-0.009933111,-0.48173755,-0.306204907
08/08/2022,-0.358460549,-0.511418195,-0.343765374
09/08/2022,-0.428521457,-0.362440837,-0.092307049
10/08/2022,1.24288823,1.572328433,1.408263749
11/08/2022,0.688173647,0.529939591,0.291399513
12/08/2022,-0.698985922,-0.514122058,-0.214403259
15/08/2022,0.940445284,0.851369303,1.510517333
16/08/2022,1.825755577,2.021710832,0.621558017
17/08/2022,-0.25314424,0.352951018,-0.008514873
18/08/2022,0.83537047,1.301525433,1.648192915
19/08/2022,0.068656173,-0.014472172,0.381523243
22/08/2022,3.010460187,2.620451601,3.491906275
23/08/2022,-1.648807997,-0.148613488,-0.774588506
24/08/2022,1.764990504,1.119669741,2.324496387
25/08/2022,2.141177252,2.458501689,2.864384591
26/08/2022,0.749388866,2.367455914,1.662212236
29/08/2022,-2.857273964,-4.93211392,-6.177411127
30/08/2022,-1.191534225,-1.860227823,-1.414172249
31/08/2022,-3.101656585,-2.149178514,-1.807483984
01/09/2022,-0.434735309,-0.411733476,0.215556276
02/09/2022,-1.210210556,-1.094606166,-1.988537812
05/09/2022,0.857822268,1.422549498,2.137278927
06/09/2022,-1.063754232,-1.544359292,-0.404999215
07/09/2022,-1.475282549,-0.410446382,-1.73904985
08/09/2022,-0.854022554,-0.830903402,0.438018078
09/09/2022,-0.323778174,-0.499117007,-0.891043831
12/09/2022,-1.152130959,-0.848196365,-1.094444728
13/09/2022,0.082542759,0.013585902,0.531011993
14/09/2022,1.357109984,1.563562047,1.283008149
15/09/2022,0.030428508,-0.044365291,-0.238494977
16/09/2022,-1.27444268,-1.919736417,-1.768855415
19/09/2022,-0.69798367,-0.757231132,-0.362723303
20/09/2022,-0.338817131,-0.042458183,0.792403683
21/09/2022,0.691273981,0.748069287,-0.296701275
22/09/2022,-0.01670737,-0.198167097,-0.154403641
23/09/2022,-0.545267155,-1.081234146,-0.132772331
26/09/2022,-0.622316495,-0.384772941,-0.791118172
27/09/2022,0.52107577,0.519475122,0.834642759
28/09/2022,0.739421613,0.901021677,1.43855435
29/09/2022,-0.82493475,-1.266292048,-1.320546386
30/09/2022,-2.031327812,-1.639372002,-1.004510181
03/10/2022,-3.918300608,-1.369916367,-1.269125935
04/10/2022,-0.437404288,-0.704912737,-0.532483625
05/10/2022,0.877310468,0.672631254,0.790228857
06/10/2022,0.395540978,-0.029226869,0.136222594
07/10/2022,0.005356581,-1.020695446,-1.326661428
10/10/2022,-0.896484745,-0.5233893,-0.14129237
11/10/2022,-1.003856985,0.016202799,0.181598368
12/10/2022,-1.329183877,-0.129903859,0.234302333
13/10/2022,-0.499598691,-0.209416128,-0.441934473
14/10/2022,-0.76129916,-0.447190224,-0.823761725
17/10/2022,-2.660228228,-1.390523238,-0.980891053
18/10/2022,-0.385303326,-0.902555896,-1.033776746
19/10/2022,0.221810108,0.110182973,-0.049916179
20/10/2022,0.454782824,0.78926404,1.034670296
21/10/2022,-0.924569909,-0.959783425,-0.957332847
24/10/2022,-4.085217021,-0.914898209,-1.018077086
25/10/2022,-0.719986092,-0.134843865,0.044147997
26/10/2022,0.07306561,-0.124565281,0.322819173
27/10/2022,1.647186354,0.676016413,0.220033225
28/10/2022,1.319400177,0.513917079,0.351623478
31/10/2022,-4.891337159,-2.412839875,-1.162374855
01/11/2022,-0.304983604,-0.618510717,-0.520750353
02/11/2022,1.049026231,0.35561414,0.708206277
03/11/2022,1.055822247,-0.043347304,-0.030699279
04/11/2022,-0.730818748,-0.546879107,-0.789309494
07/11/2022,-4.864746127,-1.053443277,-0.379504719
08/11/2022,-0.359591805,0.393617999,0.634294114
09/11/2022,-0.267554614,-0.352243256,-0.376316297
10/11/2022,0.057931255,-0.26109455,0.023344789
11/11/2022,-1.206140372,-1.322581654,-1.191984093
14/11/2022,-0.684262037,0.499306434,1.209493676
15/11/2022,0.625113281,0.833074686,0.788691156
16/11/2022,-0.577305219,-0.752101555,-0.775226499
17/11/2022,-0.886836458,-0.314747961,-0.102550921
18/11/2022,-0.41813927,-0.16080036,0.227193681
21/11/2022,1.151681401,1.1879785,0.047977752
22/11/2022,0.393855211,0.502087356,0.274348362
23/11/2022,-1.00181834,0.638072057,0.78552653
24/11/2022,-0.455956898,-0.403649959,-0.460166316
25/11/2022,-0.155432458,0.317260305,0.046459904
28/11/2022,-0.735971706,-0.374852666,-0.087114065
29/11/2022,0.854156613,1.623207723,0.726920236
30/11/2022,-0.186152843,0.552055498,0.828502597
01/12/2022,0.172165806,-0.313839584,-0.579054236
02/12/2022,-0.34966764,-0.376010876,-0.301579086
05/12/2022,-0.905803269,-0.289609182,-0.070967615
06/12/2022,0.044712543,0.763073389,0.314170832
07/12/2022,0.394882964,1.347127158,0.898280625
08/12/2022,-0.981659158,-0.994295855,-0.865121587
09/12/2022,-0.536738874,-0.092178662,0.01843525
12/12/2022,-3.344113962,-1.233297048,-0.21316486
13/12/2022,-0.670106782,-0.377204515,0.079977194
14/12/2022,-0.901671437,-0.77508916,-0.51674461
15/12/2022,-0.183158904,0.313333077,0.281410408
16/12/2022,-0.677894238,-2.136486681,-1.681649906
19/12/2022,-0.622332981,-0.592373059,-0.593617884
20/12/2022,-0.469997256,-0.054499786,-0.246844789
21/12/2022,-0.643836561,-0.97867822,-0.691714306
22/12/2022,-0.778799688,-0.87172441,-0.509476908
23/12/2022,-0.145441704,-0.611956763,-0.790709634
26/12/2022,0,0,0
27/12/2022,-0.213070458,0.089774378,-0.262186712
28/12/2022,-0.568288344,-0.507950876,0.11783718
29/12/2022,-0.261468868,-0.356595777,0.225073684
30/12/2022,-0.677525758,-1.288122963,-0.855910342
02/01/2023,-0.22785943,-0.193392288,0.064445661
03/01/2023,-0.328555801,-0.544187332,-0.435193828
04/01/2023,-0.4223623,-0.986560266,-0.679850402
05/01/2023,0.196648755,0.656240972,0.693958546
06/01/2023,-0.129699347,-0.367074274,-0.271498275
09/01/2023,0.011086261,0.168079932,0.451885723
10/01/2023,-0.515931679,-0.496034695,-0.403168367
11/01/2023,-0.117791683,-0.222653104,-0.453694826
12/01/2023,0.137173395,0.128357309,0.141523553
13/01/2023,0.05945547,0.071377851,-0.19465708
16/01/2023,-0.611173954,-0.979147327,-0.919716071
17/01/2023,0.19579096,0.475472902,0.454251354
18/01/2023,-0.115652164,-0.069934361,0.163347867
19/01/2023,-0.077795147,-0.237041324,-0.099065885
20/01/2023,0.034932108,0.18183255,0.622381424
23/01/2023,-0.242092248,-0.200194532,-0.090840349
24/01/2023,-0.349082806,-0.690804966,-0.7875622
25/01/2023,-0.221607261,-0.34476819,-0.164699042
26/01/2023,0.058479589,0.075357376,-0.190423144
27/01/2023,0.131198332,0.270528496,0.063479701
30/01/2023,-0.0417103,-0.091446406,-0.028216061
31/01/2023,0.362571867,0.649127729,0.236356555
01/02/2023,0.12834817,0.142348006,0.231651149
02/02/2023,-0.152329959,-0.324509313,-0.266785585
03/02/2023,0.115462338,0.253240074,0.091815623
06/02/2023,-0.123962534,-0.159366039,0.023979613
07/02/2023,-0.143529376,-0.259784121,-0.297339992
08/02/2023,-0.151630685,-0.165403565,-0.190077394
09/02/2023,0.098350021,0.107577316,-0.106435003
10/02/2023,0.185170543,0.275241958,0.136596703
13/02/2023,-0.175525539,-0.282176268,-0.254187469
14/02/2023,0.075260999,-0.012218009,0.077680499
15/02/2023,0.10773906,0.216401087,0.268675145
16/02/2023,-0.125824986,-0.222007838,-0.314090131
17/02/2023,-0.190733189,-0.294100901,-0.346919554
20/02/2023,0.099033267,0.171070549,0.097561379
21/02/2023,-0.104242031,-0.099140887,-0.158370131
22/02/2023,0.129799047,0.250497399,0.242882593
23/02/2023,0.012445854,-0.104909365,0.02559617
24/02/2023,0.093717567,0.10824726,0.028359619
27/02/2023,-0.395807185,-0.585821374,-0.455711834
28/02/2023,-0.095155756,-0.061503316,-0.093200517
01/03/2023,-0.013847081,0.091107939,0.052221098
02/03/2023,-0.056494474,-0.11602521,-0.033795013
03/03/2023,-0.104273903,-0.329735357,-0.23243064
06/03/2023,-0.275918573,-0.392687725,-0.361534257
07/03/2023,0.110167941,0.214895847,0.157154554
08/03/2023,0.008776888,-0.125609733,-0.133705538
09/03/2023,0.131947436,0.334851209,0.164759886
10/03/2023,0.613360193,1.148574545,1.219739514
13/03/2023,-0.185914182,-0.43344327,-0.428387515
14/03/2023,-0.547596741,-0.876250213,-0.711910388
15/03/2023,-0.165673868,-0.25151108,-0.169680306
16/03/2023,-0.020468213,0.067624048,0.191936969
17/03/2023,-0.101665608,-0.207851533,-0.199832232
20/03/2023,-0.254732366,-0.442514818,-0.479535246
21/03/2023,0.314880529,0.502733691,0.420515227
22/03/2023,-0.136282727,-0.271217097,-0.333679131
23/03/2023,0.216343659,0.547603525,0.445290796
24/03/2023,-0.252114244,-0.349106909,-0.291640355
27/03/2023,0.124792505,0.124164303,0.201519528
28/03/2023,0.043444772,0.178713433,0.031712509
29/03/2023,-0.096538127,-0.120246373,0.00727885
30/03/2023,-0.112293894,0.059531923,0.115974649
31/03/2023,0.204968377,0.414874242,0.618943568
03/04/2023,0.265101754,0.307522111,0.51302979
04/04/2023,-0.308582051,-0.533873953,-0.70226405
05/04/2023,-0.093298063,-0.226699384,-0.293162906
06/04/2023,-0.163167736,-0.245866449,-0.214994673
07/04/2023,0,0,0
10/04/2023,0,0,0
11/04/2023,0.111821517,0.031585167,0.086156149
12/04/2023,-0.067077371,-0.163845476,-0.124370181
13/04/2023,-0.091860555,-0.085343094,-0.121541158
14/04/2023,-0.087892713,-0.157095221,-0.146997366
17/04/2023,-0.049274703,-0.073229734,-0.003454174
18/04/2023,0.10500572,0.237547883,0.252483459
19/04/2023,-0.127289184,-0.23515954,-0.3864838
20/04/2023,-0.036730709,-0.053775272,0.04289524
21/04/2023,-0.105276067,-0.115825949,-0.0649458
24/04/2023,-0.111984743,-0.053008947,-0.039029094
25/04/2023,-0.082523613,-0.152815589,-0.015147891
26/04/2023,-0.156791371,-0.2256529,-0.212820158
27/04/2023,-0.082961361,-0.01697898,0.081675663
28/04/2023,-0.033454704,-0.106124237,-0.111009423
01/05/2023,0,0,0.05035184
02/05/2023,-0.161919881,-0.137442447,-0.22378746
03/05/2023,-0.133749174,-0.178929285,-0.129147103
04/05/2023,-0.059987247,-0.228170714,-0.196809514
05/05/2023,0.104980358,0.174771997,0.161872729
08/05/2023,0.062384159,0.11497271,0.053132195
09/05/2023,-0.035360009,-0.094130433,-0.164970273
10/05/2023,-0.013366646,-0.053842214,-0.172275199
11/05/2023,0.032934695,0.08740648,0
12/05/2023,-0.161937097,-0.198428632,-0.407340285
15/05/2023,-0.133361037,-0.155196591,-0.083521802
16/05/2023,-0.090493361,-0.052790014,-0.091650508
17/05/2023,-0.002061788,-0.036115669,0.024742847
18/05/2023,-0.152746034,-0.193552292,-0.40968901
19/05/2023,0.057622884,0.167139247,0.074447085
22/05/2023,-0.118774856,-0.256944967,-0.089243856
23/05/2023,-0.169783914,-0.294381821,-0.113012126
24/05/2023,-0.088010646,-0.089034161,-0.261851035
25/05/2023,-0.140671222,-0.356083911,-0.458915542
26/05/2023,-0.036549517,-0.157848315,-0.184678733
29/05/2023,-0.094585088,-0.205790649,0.008391288
30/05/2023,-0.123636182,-0.150255958,0.023968817
31/05/2023,0.075464187,0.179329491,0.327724116
01/06/2023,-0.36950434,-0.623912767,-0.766242117
02/06/2023,0.06189141,0.071056094,0.120350909
05/06/2023,0.83195697,1.510121912,0.991190099
06/06/2023,-0.352286278,-0.527197262,-0.74732517
07/06/2023,0.174105377,0.3741577,0.305346703
08/06/2023,0.033678064,-0.076753161,0.128317173
09/06/2023,0.682978811,1.170351201,1.074987408
12/06/2023,0.097354622,0.132800207,-0.212661504
13/06/2023,0.529530094,0.986738794,1.061422352
14/06/2023,0.379263927,0.525922074,0.477261374
15/06/2023,0.256728488,0.260027444,0.601443903
16/06/2023,-0.744268056,-1.257005109,-1.308861949
19/06/2023,-0.008461132,-0.011772909,-0.023354149
20/06/2023,0.592217927,1.007853298,0.815596948
21/06/2023,-0.436030897,-0.734581664,-0.421369576
22/06/2023,-0.447341742,-0.661263954,-0.571501543
23/06/2023,-0.332139227,-0.610577271,-0.345547826
26/06/2023,-0.206515845,-0.158789409,-0.116507547
27/06/2023,0.154591627,0.332355237,0.558881742
28/06/2023,0.039413952,-0.007780413,-0.084540673
29/06/2023,-0.098681077,-0.116544105,0.236038191
30/06/2023,-0.007106979,0.105082219,0.398525777
03/07/2023,-0.280726276,-0.790368484,-0.720087577
04/07/2023,0.065008571,0.129261359,0.33757907
05/07/2023,-0.230981298,-0.508390642,-0.238003341
06/07/2023,-0.248234273,-0.362201389,-0.468504896
07/07/2023,0.03296653,0.026909616,0.263262704
10/07/2023,-0.257703051,-0.490655329,-0.762958034
11/07/2023,-0.219479199,-0.249468715,-0.274832081
12/07/2023,-0.406739824,-0.519789578,-0.575442806
13/07/2023,-0.12853154,-0.021710635,-0.00765097
14/07/2023,0.033625095,-0.008512052,-0.156689875
17/07/2023,-0.319157681,-0.280734974,-0.208054737
18/07/2023,0.153753565,0.378183485,0.482252829
19/07/2023,0.090356073,0.054706942,-0.02611739
20/07/2023,0.168382905,0.13034074,0.262090077
21/07/2023,0.003640069,-0.094720597,0.03653367
24/07/2023,0.108616823,0.548838959,0.603696773
25/07/2023,0.203378619,0.198257269,0.529817109
26/07/2023,-0.383630309,-0.659765251,-0.859161368
27/07/2023,-0.244745405,-0.505498988,-0.214875109
28/07/2023,-0.28839093,-0.459488158,-0.667904179
31/07/2023,0.236562152,0.195942172,0.385101977
01/08/2023,-0.106813075,-0.275542323,-0.323978007
02/08/2023,0.014721245,0.098827162,0.425277546
03/08/2023,0.353814224,0.569338678,0.457477388
04/08/2023,-0.253832718,-0.354110989,-0.430668831
07/08/2023,0.077645955,0.136219773,0.437529182
08/08/2023,0.067876105,0.208649954,0.155981007
09/08/2023,0.973885951,1.754776859,2.377688989
10/08/2023,-0.312479667,-0.752227698,-0.722679817
11/08/2023,-0.038056942,-0.043573855,-0.460588492
14/08/2023,-0.154296916,-0.249876242,-0.228693141
15/08/2023,0.473315181,0.737718413,1.165675562
16/08/2023,-0.045512393,-0.045786451,-0.272888618
17/08/2023,-0.1985696,-0.307771167,-0.256308204
18/08/2023,-0.174971369,-0.274954068,-0.111789481
21/08/2023,0.793040034,1.361645995,1.187412998
22/08/2023,0.738901452,1.107101215,0.575113874
23/08/2023,-0.811290477,-1.218772411,-1.665009902
24/08/2023,-0.93938742,-1.439374346,-1.300270062
25/08/2023,0.166255314,0.271149258,0.757789544
28/08/2023,0.740885403,1.282854993,0.973549521
29/08/2023,-0.471642106,-0.78570546,-0.861502451
30/08/2023,0.119410905,0.141018114,0.213838626
31/08/2023,-0.304824957,-0.388399311,-1.175919453
01/09/2023,-0.12396545,-0.104915645,0.158610425
04/09/2023,-0.393731522,-0.401700448,-0.556272921
05/09/2023,-0.126849732,-0.066248837,0.24018717
06/09/2023,-0.605041946,-0.913395116,-0.929968897
07/09/2023,0.242823193,0.470298631,0.46396893
08/09/2023,0.225251223,0.187410976,0.487004805
11/09/2023,0.133356758,0.348179053,0.374430533
12/09/2023,-0.182923247,-0.234665477,-0.322676506
13/09/2023,0.413095737,0.681256549,0.599836824
14/09/2023,-0.301964249,-0.498793992,-0.369147487
15/09/2023,-0.14407847,0.00605043,0.276038994
18/09/2023,-0.266494398,-0.1723322,-0.580466978
19/09/2023,0.366612932,0.598131897,0.670821644
20/09/2023,0.079057932,0.004633388,0.14655372
21/09/2023,0.210539173,0.624438959,0.535883197
22/09/2023,0.207151192,0.350308913,0.203004492
25/09/2023,0.398431678,0.850318603,1.38716753
26/09/2023,-0.729482097,-1.133940222,-1.219131563
27/09/2023,-0.080780839,-0.547987369,-0.302422815
28/09/2023,0.011199496,0.01426133,0.130683808
29/09/2023,-0.066720687,-0.34828959,-0.368279495
02/10/2023,-0.791759208,-1.123674469,-0.761238354
03/10/2023,-0.483371628,-0.770478885,-0.710879128
04/10/2023,0.144481199,0.216496008,0.442222853
05/10/2023,-0.381922054,-0.533889914,-0.683718795
06/10/2023,0.259416252,0.378518266,0.622482122
09/10/2023,1.406904384,1.871681929,1.767734046
10/10/2023,1.294588876,1.834469436,1.669229168
11/10/2023,-0.641474023,-0.908015951,-1.012674669
12/10/2023,1.267904158,1.78156322,2.072410504
13/10/2023,0.327787551,0.271796724,0.28534898
16/10/2023,-1.645232608,-1.992191726,-1.618274499
17/10/2023,-0.222601349,-0.111619752,0.124153045
18/10/2023,0.189641326,0.420874116,0.565158745
19/10/2023,-0.214457934,-0.176894742,-0.193966718
20/10/2023,0.009632812,0.021900558,0.278022705
23/10/2023,-0.287047578,-0.438478787,0.04888083
24/10/2023,-0.573210943,-0.864000626,-0.604656986
25/10/2023,-0.141194121,-0.257999114,0.199349488
26/10/2023,-0.336594268,-0.552213014,0.269448544
27/10/2023,-0.55720978,-0.557305003,-0.084989849
30/10/2023,0.294418651,0.128421714,0.004640126
31/10/2023,-0.951415952,-1.248540253,-1.567964651
01/11/2023,-0.476799682,-0.192767577,-0.076733899
02/11/2023,-0.046657586,0.023058687,0.250746304
03/11/2023,-0.24439264,-0.317159527,-0.158749819
06/11/2023,-0.545989144,-0.96902744,-1.017984184
07/11/2023,0.428584951,0.655736397,0.386645128
08/11/2023,0.048022325,-0.011779344,-0.088984624
09/11/2023,0.564381532,0.928047952,0.753643491
10/11/2023,-0.444723166,-0.54099253,-0.481283448
13/11/2023,0.102740858,0.184360239,0.401546713
14/11/2023,0.284167697,0.328542,-0.086332919
15/11/2023,-0.2982781,-0.325596993,-0.187557449
16/11/2023,-0.431439079,-0.673732054,-0.393360558
17/11/2023,-0.257343347,-0.386082862,-0.261766837
20/11/2023,0.575975168,0.880597503,0.254401316
21/11/2023,-0.25057386,-0.380304757,-0.594648416
22/11/2023,0.145786024,0.347542677,0.187625077
23/11/2023,0.714308934,0.916833728,0.761241162
24/11/2023,-0.415260848,-0.407293427,-0.060941581
27/11/2023,-0.340313713,-0.394019227,-0.9279409
28/11/2023,-0.39713181,-0.400597797,-0.420643697
29/11/2023,-0.368968963,-0.291679719,-0.845092264
30/11/2023,-0.624515976,-0.599091418,0.274198382
01/12/2023,0.457113686,0.747892184,0.496942337
04/12/2023,-1.059627856,-1.325887104,-1.206781845
05/12/2023,-0.706675304,-0.809591823,-0.699156598
06/12/2023,0.09999246,0.24240603,0.420600698
07/12/2023,0.451462351,0.696782222,0.234949432
08/12/2023,-0.980737484,-1.154599328,-0.49514998
11/12/2023,-1.203747899,-1.582708719,-0.902310715
12/12/2023,-0.058171811,-0.059671877,-0.516085064
13/12/2023,0.355987164,0.475670693,0.407180378
14/12/2023,-0.168781238,-0.321268713,-0.355436077
15/12/2023,-0.312691565,-0.497185728,-0.618390341
18/12/2023,0.266405502,0.412510112,0.873692947
19/12/2023,-0.699318293,-0.937826479,-1.106982243
20/12/2023,0.806508233,1.095420179,0.356953935
21/12/2023,0.480487696,0.554978188,0.257143601
22/12/2023,0.407622482,0.435509084,-0.011014434
25/12/2023,0,0,0
26/12/2023,0,0,0
27/12/2023,0.270062901,0.791543797,0.521258123
28/12/2023,-0.761743893,-1.115952393,-0.942405186
29/12/2023,-0.074932685,0.065388143,-0.506643166
01/01/2024,0,0,0
02/01/2024,-0.347983279,-0.511505722,-0.707741745
03/01/2024,1.00103169,1.263281971,0.889407701
04/01/2024,0.241788454,0.358374509,0.246118506
05/01/2024,0.175465096,0.081068102,0.459997146
08/01/2024,-1.777135944,-2.24329451,-1.20482362
09/01/2024,-0.438771105,-0.36518242,-0.379928143
10/01/2024,-0.189244806,-0.172008538,0.122711934
11/01/2024,-0.303772235,-0.38316309,-0.051363111
12/01/2024,0.195431923,0.262155391,0.48639945
15/01/2024,-0.759550513,-1.094905795,-0.861530925
16/01/2024,-0.151132866,-0.249792142,-0.111596668
17/01/2024,-0.609548414,-0.765834203,-0.820951061
18/01/2024,-0.093298794,-0.118253532,0.078273077
19/01/2024,0.08769171,0.173621419,0.228596463
22/01/2024,-0.89980252,-1.106366639,-0.500515601
23/01/2024,0.101609774,0.134964459,-0.016007087
24/01/2024,0.64358892,0.764920832,0.742383764
25/01/2024,-0.609552878,-0.753135389,-0.500589561
26/01/2024,-0.124683516,-0.226689465,0.12986634
29/01/2024,-0.024812471,-0.056062038,0.042149729
30/01/2024,0.536972594,0.658706084,0.54435186
31/01/2024,0.746891236,0.745585473,0.293956577
01/02/2024,-0.25662955,-0.428058623,-0.56311119
02/02/2024,0.093007572,0.173836617,0.142585929
05/02/2024,-0.438004224,-0.297076251,-0.442133873
06/02/2024,0.099596552,0.263714757,0.123011565
07/02/2024,-0.436103428,-0.418589016,-0.196231031
08/02/2024,-0.326071021,-0.32199586,-0.175754486
09/02/2024,-0.553679108,-0.674289738,-0.329294423
12/02/2024,-0.161065886,-0.593204751,-0.662798767
13/02/2024,-0.066031811,-0.152759274,-0.140706559
14/02/2024,-0.298686521,-0.380400009,-0.280356823
15/02/2024,-0.009069844,0.023521441,0.053204151
16/02/2024,-0.290755751,-0.350906086,-0.07085485
19/02/2024,-0.588103612,-0.676355492,-0.554666399
20/02/2024,0.194898538,0.389544057,0.231738786
21/02/2024,0.099081268,0.224892409,-0.096085265
22/02/2024,-0.361696677,-0.516260252,-0.397674128
23/02/2024,0.100640701,0.206038623,-0.132378512
26/02/2024,0.660144072,0.768276577,0.554006863
27/02/2024,-0.011510789,-0.00247318,0.198268154
28/02/2024,0.644039372,0.842725035,0.639941987
29/02/2024,-0.275465096,-0.438920186,-0.384219125
01/03/2024,0.232729162,0.386938282,0.497906533
04/03/2024,0.384073707,0.439823141,0.570542968
05/03/2024,0.719268076,0.960843504,0.310570161
06/03/2024,-0.389260458,-0.469642998,-0.480656551
07/03/2024,-0.410265662,-0.406535588,-0.313298724
08/03/2024,-0.330712861,-0.237006976,0.21776636
11/03/2024,-0.721572987,-1.023305268,-0.801921417
12/03/2024,-0.077658746,0.132661434,-0.085361495
13/03/2024,-0.263748446,-0.183488597,0.071077016
14/03/2024,0.342769687,0.599950899,0.641493577
15/03/2024,-0.071076173,0.084901959,0.548978817
18/03/2024,0.588059379,0.842397641,1.014211795
19/03/2024,-0.467627493,-0.254236292,0.02481212
20/03/2024,-0.918679404,-0.391190068,-0.639063489
21/03/2024,-0.737745694,-0.470285579,-0.766031726
22/03/2024,-0.178449442,0.585942298,0.788780181
25/03/2024,-0.218950791,0.948595662,0.41018651
26/03/2024,-0.878675646,-1.527453893,-0.785711222
27/03/2024,-0.67156141,-0.027238231,0.322592298
28/03/2024,-0.260589033,-0.302089326,-0.247598269
29/03/2024,0,0,0
01/04/2024,0,0,0
02/04/2024,-1.434363249,-0.531798539,-0.681994435
03/04/2024,0.518029643,-0.130318008,-0.385850851
04/04/2024,0.06105399,0.531310658,0.39056228
05/04/2024,-0.07292178,0.574021284,0.24453287
